ID;Vorname;Nachname;Adresse;PLZ;Ort;Land
1;Alexander; Heinrich;Evergreen Terrace 80;1110;Springfield;SE
2;Andre ; Wolff;Evergreen Terrace 99;1070;Springfield;HU
3;Andrea; Koch;Evergreen Terrace 12;1120;Springfield;GB
4;Andreas; Günther;Evergreen Terrace 54;1080;Springfield;IS
5;Angelika; Hofmann;Evergreen Terrace 23;1230;Springfield;NO
6;Anja; Krause;Evergreen Terrace 29;1060;Springfield;DK
7;Anna; Bauer;Evergreen Terrace 13;1130;Springfield;DK
8;Barbara; Meier;Evergreen Terrace 30;1070;Springfield;IS
9;Bernd ; Kraus;Evergreen Terrace 69;1230;Springfield;DK
10;Birgit; Schäfer;Evergreen Terrace 11;1110;Springfield;HU
11;Brigitte; Richter;Evergreen Terrace 14;1140;Springfield;IS
12;Carin; Schmidt;Evergreen Terrace 2;1020;Springfield;DE
13;Carl ; Graf;Evergreen Terrace 84;1150;Springfield;GB
14;Carsten ; Kuhn;Evergreen Terrace 88;1190;Springfield;SE
15;Catharina; Schubert;Evergreen Terrace 50;1040;Springfield;DE
16;Cathrin; Schmitt;Evergreen Terrace 26;1030;Springfield;DE
17;Christa; Schröder;Evergreen Terrace 17;1170;Springfield;AT
18;Christian ; Lorenz;Evergreen Terrace 60;1140;Springfield;GB
19;Christina; Fuchs;Evergreen Terrace 42;1190;Springfield;DE
20;Christine; Huber;Evergreen Terrace 40;1170;Springfield;SE
21;Claudia; Klein;Evergreen Terrace 15;1150;Springfield;NO
22;Claus ; Berger;Evergreen Terrace 56;1100;Springfield;SE
23;Curt ; Horn;Evergreen Terrace 92;1230;Springfield;GB
24;Dieter; Simon;Evergreen Terrace 65;1190;Springfield;AT
25;Dirk; Schulte;Evergreen Terrace 85;1160;Springfield;DK
26;Edith; Weiß;Evergreen Terrace 47;1010;Springfield;NO
27;Elisabeth; Braun;Evergreen Terrace 21;1210;Springfield;DK
28;Elke; Neumann;Evergreen Terrace 18;1180;Springfield;DE
29;Erica; Wolf;Evergreen Terrace 16;1160;Springfield;SE
30;Frank; Schuster;Evergreen Terrace 64;1180;Springfield;SE
31;Gabriele; Lange;Evergreen Terrace 25;1020;Springfield;AT
32;Gerd ; Sauer;Evergreen Terrace 97;1050;Springfield;AT
33;Gerda; Maier;Evergreen Terrace 34;1110;Springfield;DE
34;Gerhard ; Böhm;Evergreen Terrace 67;1210;Springfield;HU
35;Gertrud; Zimmermann;Evergreen Terrace 20;1200;Springfield;GB
36;Gisela; Schulz;Evergreen Terrace 9;1090;Springfield;AT
37;Günter ; Roth;Evergreen Terrace 58;1120;Springfield;DE
38;Hannelore; Walter;Evergreen Terrace 38;1150;Springfield;IS
39;Hans; Winter;Evergreen Terrace 68;1220;Springfield;GB
40;Harald; Voigt;Evergreen Terrace 96;1040;Springfield;SE
41;Heike; Hartmann;Evergreen Terrace 24;1010;Springfield;SE
42;Heinrich; Bergmann;Evergreen Terrace 94;1020;Springfield;IS
43;Heinz; Stein;Evergreen Terrace 74;1050;Springfield;DE
44;Helga; Schneider;Evergreen Terrace 3;1030;Springfield;HU
45;Helmut ; Krämer;Evergreen Terrace 72;1030;Springfield;SE
46;Herbert; Kühn;Evergreen Terrace 89;1200;Springfield;AT
47;Hermann; Thomas;Evergreen Terrace 95;1030;Springfield;NO
48;Hildegard; Lehmann;Evergreen Terrace 31;1080;Springfield;NO
49;Holger; Schreiber;Evergreen Terrace 83;1140;Springfield;HU
50;Horst; Albrecht;Evergreen Terrace 63;1170;Springfield;NO
51;Ilse; Werner;Evergreen Terrace 27;1040;Springfield;HU
52;Inge; Kaiser;Evergreen Terrace 41;1180;Springfield;AT
53;Ingeborg; Schulze;Evergreen Terrace 33;1100;Springfield;AT
54;Ingrid; Weber;Evergreen Terrace 5;1050;Springfield;DK
55;Irmgard; Mayer;Evergreen Terrace 39;1160;Springfield;NO
56;Jan; Brandt;Evergreen Terrace 81;1120;Springfield;AT
57;Jens; Groß;Evergreen Terrace 78;1090;Springfield;IS
58;Joachim; Dietrich;Evergreen Terrace 86;1170;Springfield;IS
59;Jörg ; Otto;Evergreen Terrace 76;1070;Springfield;GB
60;Jürgen; Winkler;Evergreen Terrace 57;1110;Springfield;AT
61;Jutta; Herrmann;Evergreen Terrace 36;1130;Springfield;GB
62;Kerstin; Scholz;Evergreen Terrace 45;1220;Springfield;DK
63;Manfred; Ludwig;Evergreen Terrace 66;1200;Springfield;DE
64;Marcus ; Busch;Evergreen Terrace 93;1010;Springfield;DK
65;Margarete; Lang;Evergreen Terrace 44;1210;Springfield;GB
66;Maria; Krüger;Evergreen Terrace 22;1220;Springfield;IS
67;Marianne; Möller;Evergreen Terrace 46;1230;Springfield;IS
68;Marion; Köhler;Evergreen Terrace 35;1120;Springfield;HU
69;Marta; Jung;Evergreen Terrace 48;1020;Springfield;SE
70;Martin; Jäger;Evergreen Terrace 75;1060;Springfield;HU
71;Martina; Schmid;Evergreen Terrace 32;1090;Springfield;SE
72;Mathias ; Schumacher;Evergreen Terrace 71;1020;Springfield;NO
73;Michael; Friedrich;Evergreen Terrace 52;1060;Springfield;GB
74;Monica; Wagner;Evergreen Terrace 7;1070;Springfield;NO
75;Nicole; Schmitz;Evergreen Terrace 28;1050;Springfield;GB
76;Norbert; Pfeiffer;Evergreen Terrace 100;1080;Springfield;GB
77;Oliver; Pohl;Evergreen Terrace 90;1210;Springfield;DE
78;Paul; Arnold;Evergreen Terrace 98;1060;Springfield;DE
79;Peter; Vogel;Evergreen Terrace 51;1050;Springfield;HU
80;Petra; Hoffmann;Evergreen Terrace 10;1100;Springfield;DE
81;Rainer ; Haas;Evergreen Terrace 82;1130;Springfield;DE
82;Ralf ; Ziegler;Evergreen Terrace 87;1180;Springfield;NO
83;Renate; Meyer;Evergreen Terrace 6;1060;Springfield;IS
84;Rolf; Sommer;Evergreen Terrace 77;1080;Springfield;DK
85;Sabine; Fischer;Evergreen Terrace 4;1040;Springfield;GB
86;Silvia; Peters;Evergreen Terrace 43;1200;Springfield;HU
87;Stefan ; Beck;Evergreen Terrace 59;1130;Springfield;HU
88;Stefanie; Schwarz;Evergreen Terrace 19;1190;Springfield;HU
89;Susanne; Becker;Evergreen Terrace 8;1080;Springfield;SE
90;Sven ; Seidel;Evergreen Terrace 79;1100;Springfield;NO
91;Thomas; Keller;Evergreen Terrace 53;1070;Springfield;DK
92;Thorsten ; Martin;Evergreen Terrace 70;1010;Springfield;IS
93;Ursula; Müller;Evergreen Terrace 1;1010;Springfield;AT
94;Ute; König;Evergreen Terrace 37;1140;Springfield;DK
95;Uwe; Baumann;Evergreen Terrace 61;1150;Springfield;DK
96;Walter ; Vogt;Evergreen Terrace 73;1040;Springfield;AT
97;Waltraud; Hahn;Evergreen Terrace 49;1030;Springfield;AT
98;Werner; Franke;Evergreen Terrace 62;1160;Springfield;IS
99;Wilhelm; Engel;Evergreen Terrace 91;1220;Springfield;HU
100;Wolfgang; Frank;Evergreen Terrace 55;1090;Springfield;NO
